{"cameraMode":{"drawMode":0,"name":"Shaded","section":"Shading Mode"},"sceneLighting":false,"audioPlay":false,"sceneViewState":{"m_AlwaysRefresh":false,"showFog":true,"showSkybox":false,"showFlares":true,"showImageEffects":true,"showParticleSystems":true,"showVisualEffectGraphs":true,"m_FxEnabled":true},"in2DMode":false,"pivot":{"x":-0.10343748331069946,"y":0.2155013084411621,"z":-0.00911259651184082},"rotation":{"x":0.027209986001253129,"y":0.9099064469337463,"z":-0.0604192316532135,"w":0.40960055589675906},"size":0.2496015727519989,"orthographic":false}