{"cameraMode":{"drawMode":0,"name":"Shaded","section":"Shading Mode"},"sceneLighting":false,"audioPlay":false,"sceneViewState":{"m_AlwaysRefresh":false,"showFog":true,"showSkybox":false,"showFlares":true,"showImageEffects":true,"showParticleSystems":true,"showVisualEffectGraphs":true,"m_FxEnabled":true},"in2DMode":false,"pivot":{"x":0.17700055241584779,"y":0.12840135395526887,"z":-0.12055245041847229},"rotation":{"x":0.04323494806885719,"y":-0.4449630379676819,"z":0.021515602245926858,"w":0.8942985534667969},"size":0.13041682541370393,"orthographic":false}