{"cameraMode":{"drawMode":0,"name":"Shaded","section":"Shading Mode"},"sceneLighting":false,"audioPlay":false,"sceneViewState":{"m_AlwaysRefresh":false,"showFog":true,"showSkybox":false,"showFlares":true,"showImageEffects":true,"showParticleSystems":true,"showVisualEffectGraphs":true,"m_FxEnabled":true},"in2DMode":false,"pivot":{"x":0.036433905363082889,"y":0.20949886739253999,"z":0.07322075963020325},"rotation":{"x":-0.01426459476351738,"y":0.8620068430900574,"z":0.024312734603881837,"w":0.5062075257301331},"size":0.2496015727519989,"orthographic":false}