{"cameraMode":{"drawMode":0,"name":"Shaded","section":"Shading Mode"},"sceneLighting":false,"audioPlay":false,"sceneViewState":{"m_AlwaysRefresh":false,"showFog":true,"showSkybox":false,"showFlares":true,"showImageEffects":true,"showParticleSystems":true,"showVisualEffectGraphs":true,"m_FxEnabled":true},"in2DMode":false,"pivot":{"x":476.1552734375,"y":1058.3516845703125,"z":61.76557922363281},"rotation":{"x":-0.008690626360476017,"y":0.007808187045156956,"z":0.00009424041491001844,"w":0.9999856352806091},"size":1590.0726318359375,"orthographic":false}